{
  "project_info": {
    "project_number": "240623636848",
    "firebase_url": "https://finalp-1543076094211.firebaseio.com",
    "project_id": "finalp-1543076094211",
    "storage_bucket": "finalp-1543076094211.appspot.com"
  },
  "client": [
    {
      "client_info": {
        "mobilesdk_app_id": "1:240623636848:android:4c7783cbaa07990e",
        "android_client_info": {
          "package_name": "com.code.bindu.signinregister"
        }
      },
      "oauth_client": [
        {
          "client_id": "240623636848-ndoc2kp7mf1h64q9e17u89dt26ba3bmp.apps.googleusercontent.com",
          "client_type": 1,
          "android_info": {
            "package_name": "com.code.bindu.signinregister",
            "certificate_hash": "fb727908de3c8687796671ab467dd8053ec87e0f"
          }
        },
        {
          "client_id": "240623636848-la18sdvpscapev7ttp79jg59kfjl52dn.apps.googleusercontent.com",
          "client_type": 3
        }
      ],
      "api_key": [
        {
          "current_key": "AIzaSyDJtMNkTj47xNKMgmJKB3va2vHZ_poBhV0"
        }
      ],
      "services": {
        "analytics_service": {
          "status": 1
        },
        "appinvite_service": {
          "status": 2,
          "other_platform_oauth_client": [
            {
              "client_id": "240623636848-la18sdvpscapev7ttp79jg59kfjl52dn.apps.googleusercontent.com",
              "client_type": 3
            }
          ]
        },
        "ads_service": {
          "status": 2
        }
      }
    }
  ],
  "configuration_version": "1"
}